Product Name,Author,Price,Ratings
I'm Not Here To Hunt Rabbits [Disco de Vinil],unknown-author,"R$232,04",-1
Nobody Can Live Forever: The Existential Soul,Tim Maia,"R$222,00","4,7 de 5 estrelas"
Bam Bam [Disco de Vinil],SISTER NANCY,"R$75,39","4,2 de 5 estrelas"
Babylon By Bus,Bob Marley,"R$230,49","4,8 de 5 estrelas"
Legend: 30th Anniversary Edition,Bob Marley & The Wailers,"R$291,98","4,5 de 5 estrelas"
India [Disco de Vinil],"COSTA,GAL","R$208,14","4,6 de 5 estrelas"
Sensible [Disco de Vinil],unknown-author,"R$245,65",-1
Vida,Luis Fonsi,"R$244,36","4,5 de 5 estrelas"
Bach: The Cello Suites [Disco de Vinil],Pablo Casals,"R$321,31","4,6 de 5 estrelas"
Lost Souls [Disco de Vinil],Loreena McKennitt,"R$228,45","4,7 de 5 estrelas"
Mais opções de compra,unknown-author,Habibi Funk (Various Artists) [Disco de Vinil],"R$224,37"
Grandeza [CD],Sessa,"R$35,27","5,0 de 5 estrelas"
Catch A Fire,Bob Marley,"R$190,71","4,9 de 5 estrelas"
The Harder They Come [Disco de Vinil],Various Artists,"R$156,42","4,8 de 5 estrelas"
"Rancore, LP Seiva [Disco de Vinil]",Rancore,"R$95,00",-1
French Touch,Carla Bruni,"R$232,21","4,3 de 5 estrelas"
Survival [Disco de Vinil],Bob Marley,"R$207,03","4,9 de 5 estrelas"
Reggae Anthology: Channel One [Disco de Vinil],Various Artists - Reggae Anthology Channel One Story,"R$252,22","4,4 de 5 estrelas"
Uprising [Disco de Vinil],Bob Marley,"R$165,00","4,7 de 5 estrelas"
Kaya [Disco de Vinil],Bob Marley,"R$185,00","4,6 de 5 estrelas"
Burnin',Bob Marley,"R$204,21","4,7 de 5 estrelas"
Africa Speaks,Santana,"R$219,27","3,9 de 5 estrelas"
In Search Of Mona Lisa,Santana,"R$139,00","4,3 de 5 estrelas"
Nothing More To Say [Disco de Vinil],FRIGHTNRS,"R$159,10","4,9 de 5 estrelas"
Arthur Verocai [Disco de Vinil],VEROCAI ARTHUR,"R$234,78","4,4 de 5 estrelas"
Rainford,Lee 'Scratch' Perry,"R$157,31","4,7 de 5 estrelas"
Claude Fontaine [Disco de Vinil],"FONTAINE,CLAUDE","R$162,07","4,7 de 5 estrelas"
Percepcion [Disco de Vinil],Intocable,"R$216,56","4,9 de 5 estrelas"
Komachi,MEITEI,"R$269,46",-1
Kamikazi Dub [Disco de Vinil],PRINCE JAMMY,"R$234,72",-1
New Orleans [Disco de Vinil],PRESERVATION HALL JAZZ BAND,"R$244,29","5,0 de 5 estrelas"
Dream a Little Dream [Disco de Vinil],Pink Martini & The von Trapps,"R$181,62","4,4 de 5 estrelas"
1977 [Disco de Vinil],Ana Tijoux,"R$152,97","4,1 de 5 estrelas"
Super Ape [Disco de Vinil],UPSETTERS,"R$203,55","4,6 de 5 estrelas"
Welcome (180 Gram Audiophile Vinyl/40th Anniversary Limited Edition),Santana,"R$230,95","4,7 de 5 estrelas"
Mais opções de compra,unknown-author,Piel y Hueso [Disco de Vinil],"R$341,67"
Legends [Disco de Vinil],unknown-author,"R$354,73",-1
Amigos [Disco de Vinil],Santana,"R$240,24","4,4 de 5 estrelas"
Proxima Estacion: Esperenza [Disco de Vinil],"CHAO,MANU","R$226,41","4,8 de 5 estrelas"
Radio Bemba Sound System [Disco de Vinil],"CHAO,MANU","R$227,00","4,9 de 5 estrelas"
Tous Les Garcons Et Les Filles [Disco de Vinil],"HARDY,FRANCOISE","R$196,87","4,2 de 5 estrelas"
Colossal Head,LOS LOBOS,"R$153,95","3,9 de 5 estrelas"
Soda Stereo [Disco de Vinil],SODA STEREO,"R$215,43","4,7 de 5 estrelas"
Mais opções de compra,unknown-author,"Five Days Married & Other Laments: Song and Dance from Northern Greece, 1928-1958 [Disco de Vinil]","R$210,98"
Sweet Reggae Music [Disco de Vinil],Barrington Levy,"R$135,82","4,6 de 5 estrelas"
Previsao Do Tempo,Marcos Valle,"R$183,00","4,3 de 5 estrelas"
Sheila - Tendances [Disco de Vinil],Sheila,"R$249,23","4,8 de 5 estrelas"
La Sintesis O'Konor [Disco de Vinil],El Mato A Un Policia Motorizado,"R$165,07","4,3 de 5 estrelas"
Pappo's Blues Vol 2 [Disco de Vinil],PAPPO`S BLUES,"R$344,45","3,4 de 5 estrelas"
Mustt Mustt [Disco de Vinil],Nusrat Fateh Ali Khan,"R$184,89","4,5 de 5 estrelas"
Shahen Shah [Disco de Vinil],Nusrat Fateh Ali Khan,"R$195,81","4,3 de 5 estrelas"
Va Bene Va Bene Cosi: Live [Disco de Vinil],"ROSSI,VASCO","R$294,55","4,0 de 5 estrelas"
Amarsi Male / Mai Stati Meglio [Disco de Vinil],unknown-author,"R$167,19",-1
Unplugged On Strawberry Hill [Disco de Vinil],Toots & The Maytals,"R$159,09","4,8 de 5 estrelas"
Quatro: The Definitive Collection [Remastered] [Boxset] [Limited Edition] [Disco de Vinil],Tito Puente,"R$576,99","5,0 de 5 estrelas"
By the Light of the Moon,Los Lobos,"R$244,95","4,8 de 5 estrelas"
Mais opções de compra,unknown-author,Antibalas [Disco de Vinil],"R$163,03"
Ritornano Quelli Di [Disco de Vinil],Calibro 35,"R$390,38","4,1 de 5 estrelas"
Revelation Pt. 1 Root Of Life [Disco de Vinil],"MARLEY,STEPHEN","R$274,97","4,7 de 5 estrelas"
Googoosh [Disco de Vinil],GOOGOOSH,"R$230,39","4,6 de 5 estrelas"
Nigeria 70 Sweet Times: Afro-Funk. Highlife and Juju From 1970s Lagos [Disco de Vinil],Various Artists,"R$229,57","5,0 de 5 estrelas"
The Rough Guide To Desert Blues [Disco de Vinil],Rough Guide to Desert Blues,"R$151,01","4,7 de 5 estrelas"
Good Luck Mountain [Disco de Vinil],Ebo Taylor,"R$273,29","4,7 de 5 estrelas"
Live at Birdland [Disco de Vinil],"RODRIGUEZ,TITO","R$125,45",-1
Mucho Mucho Machito [Disco de Vinil],unknown-author,"R$152,69",-1
Mais opções de compra,unknown-author,Kin Sonic [Disco de Vinil],"R$206,00"
Mais opções de compra,unknown-author,Onda De Amor (Various Artists) [Disco de Vinil],"R$208,05"
Nuova Napoli [Disco de Vinil],Nu Guinea,"R$207,03","4,9 de 5 estrelas"
Mais opções de compra,unknown-author,Waak Waak Ga Min Min [Disco de Vinil],"R$237,69"
Mais opções de compra,unknown-author,Welcome Home [Disco de Vinil],"R$212,13"
Fear Not For Man,Fela Kuti,"R$178,00","5,0 de 5 estrelas"
Mondo Cane [Disco de Vinil],Mike Patton,"R$171,33","4,8 de 5 estrelas"
In Utero,NIRVANA,"R$208,05","4,6 de 5 estrelas"
Balas Perdidas,Morat,"R$220,65",-1
Large Dub [Disco de Vinil],unknown-author,"R$308,76",-1
Mi Persona Preferida [Disco de Vinil],El Bebeto,"R$176,07","5,0 de 5 estrelas"
Reggae Knights,Israel Vibration,"R$341,77","4,4 de 5 estrelas"
Estudando O Samba,"ZE,TOM","R$161,51",-1
Norma [Disco de Vinil],Mon Laferte,"R$218,11","4,7 de 5 estrelas"
Future Pop [Disco de Vinil],PERFUME,"R$612,39","4,5 de 5 estrelas"
En Hollande [Disco de Vinil],unknown-author,"R$179,77",-1
Miri [Disco de Vinil],"KOUYATE,BASSEKOU & NGONI BA","R$181,00","4,3 de 5 estrelas"
One Day [Disco de Vinil],Common Kings,"R$194,17","5,0 de 5 estrelas"
Highway [Disco de Vinil],Intocable,"R$160,45","5,0 de 5 estrelas"
Lighthouse [Disco de Vinil],David Crosby,"R$213,15","4,3 de 5 estrelas"
Celia & Johnny,"CRUZ,CELIA & JOHNNY","R$172,97","4,4 de 5 estrelas"
Live At Yankee Stadium: Vol 1 [Disco de Vinil],FANIA ALL STARS,"R$173,63","4,4 de 5 estrelas"
Live At Yankee Stadium: Vol 2 [Disco de Vinil],Fania All Stars,"R$172,67","5,0 de 5 estrelas"
Monkey Man [Disco de Vinil],MAYTALS,"R$278,57","5,0 de 5 estrelas"
Boleros Valses Y Mas,"REYES,FRANKIE","R$139,88","5,0 de 5 estrelas"
Little Darlin [Disco de Vinil],Sheila,"R$313,90","4,8 de 5 estrelas"
Sheila - King Of The World [Disco de Vinil],Sheila,"R$207,00","4,8 de 5 estrelas"
Wake Up You 1: Rise & Fall Of Nigerian Rock / Var [Disco de Vinil],VARIOUS ARTISTS,"R$219,46","5,0 de 5 estrelas"
Cumbia Amazonica [Disco de Vinil],LOS MIRLOS,"R$315,13",-1
Lindenberg (Remastered) [Disco de Vinil],UDO LINDENBERG,"R$462,53","4,8 de 5 estrelas"
Krishnanda [Disco de Vinil],"SANTOS,PEDRO","R$210,08","4,5 de 5 estrelas"
Mi Sueno [Disco de Vinil],Ibrahim Ferrer,"R$206,01","4,9 de 5 estrelas"
Legend Of Funana: Forbidden Music Of The Capes [Disco de Vinil],VARIOUS ARTISTS,"R$177,00","4,6 de 5 estrelas"
Tanbou Toujou Lou: Haiti 1960-1981 [Disco de Vinil],unknown-author,"R$237,79",-1
El Regreso [Disco de Vinil],"CALAMARO,ANDRES","R$284,02","4,9 de 5 estrelas"
Hide Your Way [Disco de Vinil],Me & My Friends,"R$195,81",-1
Yo Te Avise [Disco de Vinil],FABULOSOS CADILLACS,"R$303,93","4,5 de 5 estrelas"
Memories By The Score [Disco de Vinil],John Holt,"R$227,43","3,8 de 5 estrelas"
Mais opções de compra,unknown-author,Despite The Show [Disco de Vinil],"R$180,51"
We Remember Dennis Brown,We Remember Dennis Brown,"R$211,57","4,7 de 5 estrelas"
Los Duo 2 [Disco de Vinil],Juan Gabriel,"R$216,56","4,7 de 5 estrelas"
Mais opções de compra,unknown-author,Images on Guitar [Disco de Vinil],"R$255,99"
Santana Iv [Disco de Vinil],Santana,"R$236,61","4,4 de 5 estrelas"
My Love & Music [Disco de Vinil],Ebo Taylor,"R$208,66",-1
Duomo Sounds Ltd: Nigerian '80s Disco Music / Various Artists [Disco de Vinil],unknown-author,"R$280,32",-1
Pedro Infante - 100 Anos (Various Artists) [Disco de Vinil],Various Artists,"R$217,05","1,8 de 5 estrelas"
Mais opções de compra,unknown-author,A Paris + 2 Bonus Tracks [Disco de Vinil],"R$115,23"
My Name Is Bear [Disco de Vinil],Nahko,"R$194,17","5,0 de 5 estrelas"
Ain't No Sunshine / Pontieo [Disco de Vinil],SIVUCA,"R$83,48","5,0 de 5 estrelas"
Easy Skanking In Boston 78,Bob Marley & The Wailers,"R$254,97","4,6 de 5 estrelas"
Labour of Love [Disco de Vinil],UB40,"R$219,27","4,7 de 5 estrelas"
Amor Supremo [Disco de Vinil],Carla Morrison,"R$219,27","4,7 de 5 estrelas"
Jorge Ben [Disco de Vinil],Jorge Ben,"R$202,82","4,8 de 5 estrelas"
Never Ending [Disco de Vinil],Beres Hammond,"R$129,81","4,6 de 5 estrelas"
Mais opções de compra,unknown-author,Mi Movimiento [Disco de Vinil],"R$218,25"
Hatsukoi [Disco de Vinil],"UTADA,HIKARU","R$646,83","4,5 de 5 estrelas"
Jefe De Jefes,Los Tigres Del Norte,"R$241,75","4,6 de 5 estrelas"
Treasure Dub Vol 1 / Various [Disco de Vinil],VARIOUS ARTISTS,"R$196,83","4,5 de 5 estrelas"
Treasure Dub Vol 2 / Various [Disco de Vinil],VARIOUS ARTISTS,"R$211,11","3,0 de 5 estrelas"
Shibuya-Kei Song Book [Disco de Vinil],unknown-author,"R$212,00",-1
